<?xml version="1.0" encoding="UTF-8"?><GuidedProcedure xmlns:bfa="urn:com.sap.b1i.bizprocessor:bizatoms" xmlns:xs="http://www.w3.org/2001/XMLSchema" xmlns:xsi="http://www.w3.org/2001/XMLSchema-instance" title="§48§ - §400000§" headline="§400000§" tooltip="§400001§" onExit="../../com.sap.b1i.vplatform.ide/bfd/SetupWizard_OnExit.bfd?!" onSave="../../com.sap.b1i.vplatform.ide/bfd/SetupWizard_OnSave.bfd?!" saveButton="§400002§" saveTooltip="§400003§" xsi:noNamespaceSchemaLocation="../../com.sap.b1ip.system.cc/xsd/guidedprocedure.xsd" i18n="../../com.sap.b1i.vplatform.repository/msg/ui00">
	<step href="../../com.sap.b1i.vplatform.ide/bfd/SetupWizard_Step1.bfd?!" optional="false" tooltip="§400004§" title="§400005§"></step>
	<step href="../../com.sap.b1i.vplatform.ide/bfd/SetupWizard_Step2.bfd?!" optional="false" tooltip="§400006§" title="§400007§"></step>
	<step href="../../com.sap.b1i.vplatform.ide/bfd/SetupWizard_Step3.bfd?!" optional="false" tooltip="§400008§" title="§400009§"></step>
	<step href="../../com.sap.b1i.vplatform.ide/bfd/SetupWizard_Step4.bfd?!" optional="false" tooltip="§400010§" title="§400011§"></step>
	<step href="../../com.sap.b1i.vplatform.ide/bfd/SetupWizard_Step5.bfd?!" optional="false" tooltip="§400012§" title="§400013§"></step>
	<step href="../../com.sap.b1i.vplatform.ide/bfd/Scenario_Setup_VMMain.bfd?!" optional="false" tooltip="§400014§" title="§400015§"></step>
	<step href="../../com.sap.b1i.vplatform.ide/bfd/SetupWizard_Step6.bfd?!" optional="false" tooltip="§400016§" title="§400017§"></step>
</GuidedProcedure>