<?xml version="1.0" encoding="UTF-8"?><vBIU xmlns:bfa="urn:com.sap.b1i.bizprocessor:bizatoms" xmlns:xsi="http://www.w3.org/2001/XMLSchema-instance" xmlns="urn:com.sap.b1i.vplatform:entity" xsi:schemaLocation="urn:com.sap.b1i.vplatform:entity ../../com.sap.b1i.vplatform.repository/xsd/vPlatform.xsd" Id="B1S.PNRPLService" SId="B1S.PNRPLSrv" internal="" mlogexcl="" version="1.0.0" proc="" bi1fver=""><Inbound><DataRetrieval delret="false" noret="false"><method>Retrieval</method><adapter>Service Layer</adapter><type>Object</type><mode></mode><ruledoc></ruledoc></DataRetrieval><Channel Id="INB_B1_EVNT_ASYN_EVT"><type>SAP Business One</type><mode>Asynchronous</mode><trigger>B1Event</trigger><obj>2</obj><ident>B1 Event</ident><idpar></idpar><idns></idns></Channel></Inbound><Outbound><Channel Id="VOID"><type>Void</type><format>void</format></Channel><Successor Id="" Mode="" SkipIfFiltered="false"></Successor><ErrResend>Resend from outbound phase</ErrResend></Outbound><Test><snd></snd><rcv></rcv><msg>rectest.xml</msg><b1></b1></Test></vBIU>